student_id,attendance,study_hours,previous_score,assignments,sleep_hours,screen_time,engagement,risk_level
1,76.3,4.5,66.4,83.2,6.8,1.5,7.2,Medium
2,74.8,4.4,69.6,75.7,8.4,5.4,6.7,Medium
3,69.1,2.8,71.4,93.0,7.0,4.0,7.6,Medium
4,60.6,4.2,74.9,86.0,6.7,4.9,7.0,Medium
5,87.4,2.6,76.0,47.8,4.0,3.1,4.7,High
6,88.5,6.1,50.9,85.6,5.8,4.0,5.9,Medium
7,79.4,6.4,76.9,77.6,7.8,5.1,5.2,Medium
8,69.4,3.9,75.0,68.0,9.8,2.7,4.3,Medium
9,87.2,7.6,75.1,85.4,8.7,4.0,3.7,Low
10,71.6,6.7,47.8,72.5,7.3,3.6,7.9,Low
11,85.0,9.4,76.7,62.2,6.3,2.7,8.4,Low
12,71.2,4.7,78.5,60.4,6.6,1.0,4.3,Medium
13,71.2,5.6,84.7,71.7,7.3,4.5,8.7,Low
14,88.7,5.3,53.8,86.5,7.5,6.4,6.4,Medium
15,100.0,4.1,90.3,73.8,6.4,2.2,6.2,Low
16,95.1,6.4,77.6,34.0,7.9,5.2,5.4,Medium
17,70.5,4.8,92.1,55.1,6.5,6.7,5.6,Medium
18,73.6,5.0,50.6,75.5,5.5,5.8,6.5,Medium
19,100.0,5.4,87.1,51.1,6.9,4.8,10.0,Low
20,57.8,6.8,76.3,96.5,7.9,4.3,5.5,Medium
21,63.0,5.2,65.3,100.0,6.3,4.8,3.4,Medium
22,73.3,5.3,79.5,95.2,6.9,2.2,7.4,Low
23,84.2,5.8,58.2,90.1,7.1,5.5,9.0,Low
24,85.3,5.4,98.0,75.9,6.6,4.4,9.5,Low
25,79.4,5.8,84.7,63.8,4.9,4.7,7.0,Medium
26,70.7,6.5,76.5,56.1,7.6,3.8,3.5,Medium
27,83.4,4.7,57.6,80.4,7.6,3.2,7.3,Medium
28,90.2,3.4,73.3,72.0,9.7,1.0,7.9,Low
29,74.3,4.6,94.6,71.9,9.7,3.4,7.2,Low
30,72.1,3.4,68.9,67.5,7.2,1.0,10.0,Low
31,76.0,8.3,53.9,76.7,10.0,2.6,3.5,Low
32,71.4,5.7,77.7,92.6,6.7,1.3,5.6,Low
33,92.9,5.7,40.6,71.4,8.7,8.0,7.6,Medium
34,81.7,2.3,56.2,72.8,7.6,5.2,5.5,High
35,64.2,3.2,51.8,82.3,4.2,3.6,7.4,High
36,96.3,4.9,82.0,65.6,6.1,3.0,9.6,Low
37,89.9,5.8,98.0,71.5,7.7,4.8,6.1,Low
38,100.0,7.8,48.4,65.6,7.5,5.6,3.8,Medium
39,50.9,1.0,67.0,70.3,7.4,2.8,4.1,High
40,53.7,5.5,73.2,87.9,7.9,3.9,9.2,Low
41,76.4,3.5,60.7,62.6,4.4,4.5,7.0,High
42,73.7,3.4,73.2,99.5,7.0,3.3,5.3,Medium
43,77.2,2.3,66.2,73.0,9.2,5.9,8.6,Medium
44,69.4,6.1,52.0,77.0,7.5,2.8,10.0,Low
45,84.8,1.0,75.7,65.5,7.0,5.0,7.3,High
46,53.5,2.5,78.8,92.8,9.3,7.4,2.4,High
47,87.2,1.0,90.6,76.1,5.6,7.8,7.8,High
48,55.3,5.4,57.8,73.8,6.4,6.7,3.7,High
49,81.8,8.4,56.4,75.4,7.2,3.0,7.8,Low
50,79.2,2.9,92.7,84.7,6.8,3.1,4.9,Medium
51,92.8,4.5,74.4,69.0,7.7,4.0,8.0,Low
52,75.8,6.5,77.4,70.1,6.0,2.5,5.0,Medium
53,66.2,6.5,67.3,97.1,9.7,4.2,3.4,Medium
54,73.4,4.6,47.2,68.0,7.3,3.4,5.0,Medium
55,68.9,8.4,65.8,58.7,6.6,5.9,5.1,Medium
56,83.8,6.3,78.5,94.4,6.3,6.2,4.9,Medium
57,73.2,7.2,79.5,72.0,5.6,5.2,5.2,Medium
58,66.9,3.5,71.5,38.1,7.4,4.5,5.3,High
59,90.4,6.0,59.5,61.3,7.8,1.5,5.8,Low
60,70.4,4.9,71.0,72.6,8.4,4.6,5.9,Medium
61,63.5,6.2,75.4,95.2,6.1,4.2,6.4,Medium
62,76.9,4.8,44.0,85.2,7.8,6.2,10.0,Medium
63,74.2,4.7,68.1,100.0,4.9,5.1,3.6,Medium
64,47.0,0.8,48.7,89.1,6.0,3.8,4.2,High
65,85.3,2.6,86.4,56.1,6.1,4.4,6.5,Medium
66,95.1,5.0,51.1,63.0,6.3,5.5,7.3,Medium
67,76.6,6.5,60.6,69.8,7.2,7.0,6.3,Medium
68,73.8,2.7,77.6,62.6,7.4,1.0,8.6,Medium
69,62.0,3.2,82.8,50.6,6.9,4.3,4.5,High
70,94.1,7.8,40.4,48.8,8.0,1.9,5.7,Low
71,79.6,6.2,64.9,73.5,6.1,6.5,5.5,Medium
72,82.1,3.8,69.5,69.3,6.8,2.4,8.1,Medium
73,95.0,5.3,78.3,85.4,8.1,4.7,6.9,Low
74,88.4,4.9,54.4,72.4,4.7,4.2,7.3,Medium
75,92.8,5.1,81.0,72.0,5.8,1.7,4.6,Medium
76,61.6,6.1,65.1,81.1,7.1,6.1,8.6,Medium
77,70.3,4.3,60.5,46.1,7.8,6.3,6.5,High
78,72.1,7.0,35.2,74.8,7.2,3.2,9.3,Low
79,89.6,4.3,66.8,65.8,6.4,1.8,9.3,Low
80,90.3,6.4,52.7,100.0,9.4,4.5,4.7,Low
81,67.6,5.6,55.2,71.5,8.3,1.5,10.0,Low
82,96.8,2.3,48.2,67.5,5.8,3.7,1.3,High
83,75.3,8.4,52.4,67.6,5.2,5.3,6.0,Medium
84,100.0,5.2,62.8,80.8,6.4,1.8,7.1,Low
85,75.9,5.1,73.3,63.8,7.5,7.3,4.3,Medium
86,98.8,4.3,57.3,100.0,7.2,6.7,8.1,Medium
87,57.8,5.0,60.6,50.5,4.9,4.4,7.7,Medium
88,82.7,4.2,56.8,56.2,6.3,2.3,6.1,Medium
89,77.7,3.0,64.8,59.8,7.0,5.1,6.9,Medium
90,83.7,1.5,62.7,76.4,7.8,1.3,6.8,Medium
91,92.5,4.4,66.7,79.2,7.3,5.4,6.6,Medium
92,79.8,3.2,65.6,92.0,6.8,3.9,5.5,Medium
93,87.4,3.1,80.7,57.0,5.7,4.6,6.8,Medium
94,81.6,6.9,62.2,79.1,5.9,6.5,7.8,Medium
95,84.4,5.2,57.0,66.8,7.6,4.2,6.7,Medium
96,61.7,5.2,58.3,54.7,6.8,1.0,7.9,Medium
97,88.2,4.7,54.1,56.9,6.8,1.0,6.9,Medium
98,86.0,4.2,61.1,74.9,7.4,6.2,6.5,Medium
99,69.7,3.9,70.5,96.9,6.6,2.3,4.8,Medium
100,52.8,5.5,48.9,52.3,4.6,2.2,7.6,Medium
101,62.3,1.3,70.5,66.5,7.5,5.5,6.5,High
102,62.4,4.6,75.0,62.7,5.3,6.2,5.7,High
103,73.1,4.8,82.4,76.2,6.6,5.4,10.0,Low
104,94.7,6.1,52.3,100.0,5.6,3.5,5.1,Medium
105,97.5,5.6,48.0,76.3,7.7,3.6,4.1,Medium
106,69.3,3.9,68.3,63.7,7.9,2.5,3.0,Medium
107,69.1,7.5,60.0,100.0,7.6,2.1,4.8,Low
108,80.9,2.4,98.0,56.1,7.8,6.8,6.3,Medium
109,66.0,4.3,73.1,86.0,7.1,1.7,6.6,Medium
110,69.9,0.5,58.2,49.1,7.7,7.7,10.0,High
111,71.1,3.9,77.6,89.0,6.5,3.9,10.0,Low
112,76.7,3.8,69.7,81.3,5.8,3.8,4.2,Medium
113,74.7,8.6,78.4,70.5,5.9,3.6,8.6,Low
114,71.3,7.7,48.8,67.4,9.1,1.0,8.9,Low
115,55.8,4.6,65.6,85.2,4.0,1.0,5.4,Medium
116,78.4,3.0,64.9,53.0,6.5,2.7,7.0,Medium
117,85.0,7.7,58.8,66.9,7.1,3.7,6.4,Low
118,59.3,5.5,55.2,56.7,5.1,6.3,6.2,High
119,91.8,5.3,44.2,54.7,7.9,2.8,4.3,Medium
120,75.8,4.4,53.8,66.8,6.4,1.0,7.5,Medium
121,68.3,7.4,51.9,46.7,8.4,1.3,5.2,Medium
122,85.2,4.1,44.8,75.0,6.8,6.5,7.7,Medium
123,100.0,1.5,67.7,54.9,8.4,5.7,8.0,Medium
124,68.7,3.3,39.6,99.4,7.6,3.7,8.4,Medium
125,87.0,6.8,45.3,60.6,7.2,4.8,8.4,Low
126,65.9,5.1,98.0,83.1,8.0,4.2,8.0,Low
127,99.6,5.0,85.1,58.0,7.7,5.8,5.0,Medium
128,91.2,3.4,56.7,72.0,9.3,4.8,8.4,Medium
129,69.2,5.0,51.5,62.9,8.0,4.1,9.4,Medium
130,75.6,4.4,85.9,61.6,5.2,6.5,7.3,Medium
131,52.0,4.9,62.3,99.9,6.1,3.2,4.7,Medium
132,65.4,3.4,47.9,55.5,5.1,1.5,3.4,High
133,71.7,3.4,50.8,79.7,6.9,3.4,5.6,Medium
134,97.1,5.3,74.7,30.6,6.2,1.0,5.6,Medium
135,82.5,3.5,75.3,55.6,7.7,1.4,6.0,Medium
136,83.0,5.9,66.2,100.0,6.5,3.4,1.0,Medium
137,99.2,4.1,51.5,93.1,8.5,4.4,3.6,Medium
138,83.0,3.6,51.6,88.7,4.4,5.2,7.4,Medium
139,100.0,5.5,39.2,58.6,7.1,4.8,8.5,Medium
140,54.5,4.1,81.6,96.7,9.2,3.5,8.7,Low
141,98.5,7.2,78.1,85.2,6.1,1.6,8.5,Low
142,73.8,4.7,59.9,65.7,7.3,2.4,6.6,Medium
143,81.0,4.6,57.6,84.6,9.2,3.1,9.0,Low
144,88.7,0.5,57.3,61.8,7.9,4.5,7.4,High
145,85.6,3.0,57.5,52.4,6.8,4.0,6.8,Medium
146,69.3,6.6,80.8,96.7,7.9,4.5,7.8,Low
147,85.3,3.5,86.1,99.5,9.4,4.3,7.1,Low
148,83.0,4.8,76.7,70.1,6.8,7.4,6.8,Medium
149,78.8,6.6,70.1,76.7,6.9,2.0,6.4,Low
150,64.4,5.2,51.5,86.7,7.9,4.7,6.3,Medium
151,83.0,0.9,52.6,69.6,7.4,4.1,4.5,High
152,79.6,3.9,53.0,77.3,6.7,6.4,7.8,Medium
153,86.8,5.4,56.2,57.0,5.2,9.4,4.3,High
154,75.5,4.1,64.1,62.7,4.8,2.4,3.7,High
155,76.5,3.4,58.4,75.5,6.3,5.9,5.7,High
156,80.7,2.1,77.2,65.5,7.5,4.8,6.2,Medium
157,80.6,4.0,86.8,86.9,7.6,2.1,4.3,Medium
158,70.0,4.3,74.3,57.7,8.4,4.2,2.5,High
159,72.3,0.5,57.5,63.2,6.3,3.6,5.7,High
160,70.9,7.8,85.0,53.7,8.5,1.3,4.9,Low
161,96.3,0.5,76.0,51.9,6.8,3.9,9.9,Medium
162,68.3,4.7,76.8,68.0,6.0,4.1,6.7,Medium
163,88.6,2.9,61.7,77.2,6.8,3.9,6.5,Medium
164,69.6,3.2,74.2,54.5,8.4,4.6,3.9,High
165,81.4,5.1,78.7,90.5,6.6,2.9,5.3,Medium
166,66.2,3.3,72.0,72.2,6.4,2.9,7.2,Medium
167,72.0,2.7,65.9,67.8,5.7,5.7,8.2,High
168,78.5,5.1,75.4,71.5,8.1,7.2,6.7,Medium
169,83.3,6.5,63.3,53.9,8.1,1.4,10.0,Low
170,88.4,5.2,68.7,100.0,5.9,2.1,5.3,Low
171,74.9,2.8,70.2,74.2,6.0,7.1,3.7,High
172,62.7,5.6,65.1,78.7,6.3,2.3,5.2,Medium
173,69.8,5.8,61.3,84.2,7.7,6.1,8.3,Medium
174,87.4,6.3,60.8,67.8,4.8,4.7,5.2,Medium
175,82.8,5.9,49.1,55.8,6.6,3.3,6.8,Medium
176,64.1,4.9,44.4,37.5,7.9,1.9,5.4,Medium
177,61.0,2.0,62.4,65.4,8.2,5.0,6.0,High
178,87.1,7.0,73.8,65.5,8.2,7.4,7.8,Low
179,99.2,6.7,79.9,54.6,5.7,4.1,3.2,Medium
180,70.9,6.5,58.7,80.5,5.4,3.3,8.5,Low
181,80.5,5.4,91.9,92.7,5.9,6.6,5.3,Medium
182,77.8,4.8,83.0,53.9,7.5,5.1,8.1,Medium
183,75.5,6.8,58.0,90.4,7.4,1.7,7.3,Low
184,80.2,4.1,57.7,68.2,5.3,7.2,4.2,High
185,70.1,7.1,76.2,83.5,8.8,3.6,4.4,Low
186,88.1,6.4,63.4,51.8,8.5,5.2,3.8,Medium
187,87.4,1.9,61.2,54.0,6.2,2.7,5.3,High
188,86.7,5.4,76.8,89.5,6.6,4.3,7.6,Low
189,98.5,6.6,87.3,88.3,8.3,1.0,8.3,Low
190,80.6,4.9,60.6,65.2,7.5,5.7,3.5,Medium
191,80.6,3.7,54.7,78.3,6.6,3.0,5.0,Medium
192,81.4,4.8,52.7,58.5,6.8,4.9,4.4,Medium
193,83.9,3.2,98.0,56.9,6.1,4.5,4.7,Medium
194,87.9,8.4,62.6,74.8,6.4,4.2,9.4,Low
195,88.7,3.0,89.6,90.6,7.6,3.0,6.6,Medium
196,68.5,5.7,63.6,36.2,8.1,4.5,8.7,Medium
197,76.4,5.2,83.6,78.2,7.3,10.0,6.2,Medium
198,80.0,8.3,56.7,55.3,5.3,5.2,7.8,Low
199,86.9,2.1,82.1,91.2,6.9,4.3,7.9,Medium
200,82.4,6.1,52.8,69.2,5.5,5.3,7.6,Medium
201,76.8,5.4,46.2,85.7,6.4,4.4,8.7,Medium
202,68.9,7.2,69.7,72.5,7.7,2.0,7.7,Low
203,78.7,6.9,65.0,66.2,7.4,4.1,4.2,Medium
204,75.7,7.3,66.7,58.1,7.9,1.0,2.3,Medium
205,78.0,5.2,71.1,57.7,6.8,1.7,6.9,Medium
206,58.6,4.5,71.7,43.9,6.4,5.6,9.6,Medium
207,60.0,5.5,50.7,50.5,8.9,5.4,4.9,High
208,80.6,6.1,70.5,100.0,7.7,1.0,5.9,Low
209,69.2,4.4,68.2,61.6,5.7,6.7,7.7,Medium
210,70.0,6.2,77.5,92.3,5.7,5.6,5.3,Medium
211,91.9,4.4,36.2,72.6,4.9,3.8,6.4,Medium
212,73.2,1.8,52.4,58.5,6.7,6.5,7.9,High
213,72.3,7.3,48.8,83.0,6.8,4.6,7.8,Low
214,69.8,6.4,67.9,100.0,6.6,6.5,7.8,Medium
215,63.9,7.5,53.2,36.3,8.0,6.1,6.6,Medium
216,74.9,8.0,78.0,61.5,7.9,2.0,5.4,Low
217,65.4,0.5,51.5,91.6,5.7,3.2,4.2,High
218,88.4,4.8,74.9,70.3,5.6,2.4,8.2,Low
219,77.3,6.3,25.0,89.8,6.4,8.1,5.5,Medium
220,78.3,6.1,55.7,86.0,6.2,6.5,8.1,Medium
221,83.9,3.4,65.1,76.8,4.6,3.2,8.4,Medium
222,62.8,7.4,59.2,77.2,5.6,5.1,7.4,Medium
223,91.6,7.5,85.5,75.3,5.5,6.6,3.9,Medium
224,72.7,6.3,74.2,97.5,7.0,1.2,5.9,Low
225,80.1,4.1,87.8,68.0,5.3,5.0,4.2,Medium
226,98.4,5.3,48.4,89.3,9.8,1.0,8.3,Low
227,83.8,5.2,72.8,79.9,6.2,6.7,3.8,Medium
228,100.0,7.9,51.4,71.9,8.7,3.3,6.2,Low
229,73.2,7.1,59.5,71.8,7.6,3.8,4.8,Medium
230,61.9,1.8,51.5,44.5,6.1,4.7,6.6,High
231,68.1,2.8,54.1,49.8,5.5,5.5,3.7,High
232,78.2,3.6,98.0,43.2,7.2,3.6,5.0,Medium
233,81.8,5.1,53.0,78.8,7.5,6.6,5.3,Medium
234,95.6,4.4,40.3,80.4,6.9,2.6,8.4,Low
235,72.3,6.8,66.8,84.0,7.8,5.1,4.4,Medium
236,89.0,4.8,96.0,79.7,7.9,2.8,5.7,Low
237,79.2,2.5,51.6,70.3,6.9,4.6,8.7,Medium
238,73.2,6.2,66.0,68.9,7.3,1.0,6.6,Low
239,70.3,2.9,41.6,64.9,4.7,5.8,6.0,High
240,57.8,3.5,78.6,62.5,6.7,3.5,6.2,Medium
241,57.6,4.7,60.2,100.0,6.7,3.4,8.5,Medium
242,76.1,5.3,55.8,96.9,6.2,4.9,8.8,Medium
243,74.3,4.8,76.2,82.9,5.7,4.5,4.6,Medium
244,69.1,3.5,85.0,97.5,10.0,4.1,4.8,Medium
245,66.4,8.0,46.5,66.9,6.3,7.3,4.5,Medium
246,91.2,7.4,65.7,79.4,5.2,4.0,6.1,Low
247,47.0,5.6,73.0,44.9,5.3,2.9,5.4,Medium
248,74.3,2.9,53.9,76.9,6.4,4.0,6.0,High
249,83.5,4.5,80.1,73.6,8.1,6.4,3.6,Medium
250,89.1,8.4,54.4,71.5,6.6,5.0,7.5,Low
251,70.0,7.4,56.0,69.8,8.2,7.7,5.5,Medium
252,87.4,5.2,45.8,56.7,5.6,3.3,5.7,Medium
253,78.3,7.4,73.9,100.0,6.7,5.6,7.3,Low
254,96.1,4.0,79.8,98.1,6.1,4.1,7.5,Low
255,72.8,3.0,93.7,68.3,9.1,3.3,6.1,Medium
256,87.6,4.4,55.4,60.5,7.3,3.0,6.7,Medium
257,50.9,3.7,65.5,63.8,5.8,2.6,6.6,High
258,95.8,2.0,64.1,87.6,7.4,4.0,5.6,Medium
259,78.2,4.6,37.4,60.5,4.7,6.5,8.1,High
260,68.5,6.4,98.0,62.0,8.6,4.9,6.0,Low
261,64.7,3.7,62.5,34.9,7.6,3.6,7.4,Medium
262,73.0,10.8,44.8,57.1,7.8,8.4,4.5,Medium
263,100.0,3.0,86.1,73.2,9.7,7.4,5.2,Medium
264,100.0,2.6,63.6,100.0,6.1,3.0,6.8,Medium
265,83.4,5.6,57.6,75.2,7.8,6.9,7.2,Medium
266,63.0,4.9,59.3,93.1,5.0,5.2,4.4,High
267,93.3,6.3,71.1,80.1,6.6,5.4,6.4,Low
268,86.8,4.9,33.3,63.8,8.8,6.8,6.7,Medium
269,76.5,4.1,76.8,81.3,5.8,5.4,9.0,Medium
270,66.5,4.4,74.5,83.6,6.5,3.2,5.6,Medium
271,82.6,5.7,67.7,50.2,5.7,5.3,4.1,Medium
272,80.7,4.1,59.6,72.4,9.0,4.7,5.9,Medium
273,60.3,5.8,83.9,81.7,8.4,5.1,3.9,Medium
274,77.5,5.8,78.1,64.1,6.9,4.9,9.0,Low
275,90.1,6.1,73.5,55.6,5.7,4.0,8.6,Low
276,82.7,5.9,47.0,48.6,8.3,4.1,3.9,Medium
277,88.6,5.3,98.0,92.0,7.4,3.9,7.0,Low
278,76.8,1.9,81.0,76.4,4.0,3.1,4.8,High
279,89.8,4.7,88.8,46.5,5.7,6.1,5.2,Medium
280,65.3,3.7,57.4,80.6,8.3,1.3,5.9,Medium
281,78.2,5.0,79.7,73.9,6.3,2.2,2.9,Medium
282,73.5,4.8,80.9,66.0,9.8,4.1,5.5,Medium
283,82.6,2.9,70.9,39.0,7.8,4.3,6.9,Medium
284,79.9,2.3,55.4,97.1,7.6,3.1,7.3,Medium
285,82.9,8.7,83.5,78.6,6.5,7.4,6.3,Low
286,67.6,2.4,55.9,66.2,7.9,5.8,8.8,Medium
287,79.8,6.5,98.0,86.6,8.9,1.5,5.0,Low
288,69.0,0.5,69.0,94.3,6.4,4.6,4.8,High
289,72.1,5.4,51.3,90.8,4.7,4.8,5.5,Medium
290,95.9,6.3,38.8,33.2,5.8,3.3,6.1,Medium
291,78.4,6.1,48.9,43.2,7.3,3.6,6.3,Medium
292,70.3,4.5,88.8,46.0,5.5,5.4,9.6,Medium
293,75.5,2.3,40.0,76.2,5.5,8.1,10.0,High
294,80.7,5.8,66.3,90.3,7.0,4.3,9.2,Low
295,85.5,9.1,45.1,63.1,5.9,5.7,5.5,Medium
296,85.2,2.5,66.7,100.0,9.0,1.0,7.2,Low
297,87.9,3.8,52.6,82.6,7.1,5.2,6.2,Medium
298,100.0,3.0,61.1,80.2,7.9,1.7,9.1,Low
299,60.5,4.8,63.7,60.7,8.4,1.0,5.0,Medium
300,67.2,6.5,89.7,84.4,8.7,1.0,6.8,Low
301,61.4,4.1,71.4,73.5,8.7,1.0,4.8,Medium
302,60.2,1.5,82.1,74.9,8.9,6.3,6.6,High
303,66.4,6.8,58.3,52.8,5.6,4.4,9.0,Medium
304,78.6,7.2,69.3,65.2,10.0,7.5,6.9,Low
305,68.0,1.6,73.6,67.9,7.6,4.8,7.4,High
306,91.7,5.4,57.9,59.7,7.7,2.3,7.9,Low
307,86.6,4.7,57.1,43.6,5.7,1.3,6.6,Medium
308,72.7,3.0,80.2,74.1,7.1,5.2,8.6,Medium
309,58.8,6.2,42.7,59.3,8.2,5.4,7.8,Medium
310,80.2,7.6,46.4,67.1,7.1,7.9,8.6,Medium
311,90.5,3.3,98.0,79.5,5.8,8.4,3.6,High
312,67.6,4.3,54.3,80.4,7.3,4.4,10.0,Medium
313,58.4,7.5,56.5,95.4,9.3,8.3,6.1,Medium
314,64.0,5.5,67.3,43.8,7.9,2.5,9.4,Low
315,89.6,4.2,68.5,68.1,6.5,9.8,4.6,High
316,78.7,6.8,62.6,61.9,5.4,6.3,7.9,Medium
317,83.6,1.8,75.1,76.6,6.6,1.7,6.4,Medium
318,67.5,5.0,68.9,66.6,8.1,4.1,7.6,Medium
319,83.0,6.8,54.5,66.5,8.1,4.5,8.8,Low
320,86.9,3.9,80.3,67.9,8.1,7.5,8.7,Medium
321,100.0,1.7,60.3,67.7,6.5,4.9,5.8,High
322,91.3,6.8,73.8,55.8,7.7,5.4,7.2,Low
323,78.4,7.6,60.3,66.1,7.8,5.2,8.2,Low
324,74.6,2.2,50.7,65.1,8.0,5.6,2.9,High
325,84.4,4.6,53.4,100.0,7.3,5.7,10.0,Low
326,71.0,4.0,88.8,51.1,7.1,4.3,8.4,Medium
327,82.9,3.0,81.6,85.5,5.7,3.0,5.4,Medium
328,64.2,6.9,63.5,67.6,5.8,3.5,9.5,Low
329,87.0,1.6,54.1,82.2,6.4,3.2,4.8,High
330,62.0,5.0,62.7,90.2,6.9,2.5,7.9,Medium
331,94.2,3.3,44.2,64.3,5.4,7.2,3.7,High
332,74.1,7.7,80.2,63.8,6.1,3.9,6.0,Low
333,96.0,4.5,49.1,87.8,8.2,3.8,8.0,Low
334,78.6,2.4,66.9,53.7,6.2,2.5,7.2,Medium
335,80.2,2.2,55.1,72.0,7.6,4.3,2.1,High
336,93.4,8.3,90.2,80.7,7.8,3.0,6.9,Low
337,64.4,5.0,48.0,81.4,6.6,5.6,6.9,Medium
338,72.5,6.5,51.6,67.8,6.4,5.5,6.3,Medium
339,81.2,5.9,35.2,57.2,7.1,6.0,7.6,Medium
340,93.7,4.4,69.4,64.0,6.5,2.7,5.4,Medium
341,75.7,3.5,68.4,42.9,7.5,4.5,7.4,Medium
342,72.4,3.8,81.8,69.5,9.4,1.7,6.0,Medium
343,64.5,3.2,56.9,64.3,7.9,2.1,7.7,Medium
344,60.7,4.0,86.5,79.4,7.3,5.3,7.7,Medium
345,85.5,7.6,53.5,70.9,7.8,5.5,7.6,Low
346,93.7,3.8,49.1,92.4,7.0,3.2,6.6,Medium
347,72.8,6.8,80.5,77.0,7.6,4.3,8.6,Low
348,49.6,2.5,67.4,65.4,5.9,5.3,4.5,High
349,80.6,5.0,68.8,58.7,6.8,6.4,7.6,Medium
350,89.6,4.6,44.2,64.5,6.8,6.5,8.8,Medium
351,83.1,3.1,69.8,67.8,6.7,2.0,7.4,Medium
352,77.6,6.4,47.5,54.0,10.0,2.6,7.1,Low
353,83.3,2.8,92.2,71.0,7.2,7.5,4.9,High
354,72.1,4.1,48.8,76.4,7.6,4.5,7.8,Medium
355,88.4,5.5,64.6,91.5,6.2,6.7,6.1,Medium
356,87.2,8.5,36.3,68.9,6.5,7.3,5.7,Medium
357,100.0,1.7,72.9,65.8,7.6,3.2,5.6,Medium
358,56.1,5.0,47.0,51.0,7.1,4.0,8.6,Medium
359,61.8,5.6,72.5,67.2,6.0,4.1,8.3,Medium
360,73.5,6.5,64.2,99.6,7.0,3.9,3.3,Medium
361,60.9,5.6,64.8,76.5,6.2,3.9,5.3,Medium
362,81.5,4.4,94.1,61.0,8.3,2.3,5.6,Medium
363,67.9,7.3,74.1,74.2,7.3,2.2,9.3,Low
364,94.7,4.7,68.2,82.4,6.8,3.8,5.5,Medium
365,73.8,3.8,78.2,66.7,6.5,3.1,3.5,Medium
366,96.7,5.8,80.1,63.5,8.7,4.5,9.4,Low
367,77.8,4.7,60.6,73.2,7.3,6.9,9.6,Medium
368,79.1,7.2,30.0,64.5,7.3,5.8,7.3,Medium
369,77.3,3.9,56.8,100.0,8.3,6.6,6.5,Medium
370,71.6,5.9,67.7,70.0,7.0,3.1,4.8,Medium
371,75.1,2.0,76.4,85.4,6.1,1.0,7.3,Medium
372,80.9,4.8,49.3,41.3,9.1,3.8,7.5,Medium
373,77.2,5.6,50.1,64.9,5.4,2.2,5.1,Medium
374,56.3,3.9,58.0,53.0,6.8,4.2,4.8,High
375,100.0,6.2,83.7,66.7,8.1,5.6,4.5,Medium
376,69.8,10.6,62.2,79.8,6.7,5.7,4.5,Low
377,65.9,7.1,70.8,32.4,7.0,3.9,7.9,Medium
378,81.9,5.5,69.2,76.6,5.6,2.7,4.8,Medium
379,61.9,6.4,83.1,81.8,6.3,3.2,5.6,Medium
380,91.4,5.9,92.3,56.5,6.7,1.9,3.7,Medium
381,76.1,4.1,60.8,47.4,7.2,3.7,8.3,Medium
382,84.6,2.2,73.5,62.4,8.8,4.1,5.5,Medium
383,73.1,1.8,85.8,100.0,4.9,3.7,6.3,Medium
384,70.9,7.2,85.5,68.1,9.5,4.3,6.0,Low
385,81.4,3.3,88.3,81.9,6.6,3.9,4.7,Medium
386,81.2,2.2,68.0,63.7,7.7,6.1,8.1,Medium
387,76.5,3.4,63.8,71.7,7.6,3.2,4.6,Medium
388,80.1,7.5,94.2,84.7,5.8,6.7,4.8,Medium
389,68.8,5.7,48.7,84.8,6.9,4.9,4.9,Medium
390,88.2,5.8,62.9,87.1,4.0,4.9,6.3,Medium
391,68.5,5.2,75.0,60.2,6.9,4.1,7.3,Medium
392,92.7,3.9,86.4,51.1,7.4,1.1,6.6,Low
393,86.7,8.8,68.7,60.0,8.2,4.3,6.7,Low
394,89.0,7.0,43.8,72.8,7.0,2.3,3.3,Medium
395,77.2,3.9,57.9,69.8,6.6,4.2,9.7,Medium
396,77.6,8.6,85.4,87.5,6.1,3.7,4.7,Low
397,83.0,4.7,74.2,76.8,7.2,3.6,4.6,Medium
398,72.7,6.2,65.7,71.0,8.0,5.1,3.6,Medium
399,77.0,3.1,67.2,78.2,7.6,7.2,5.5,High
400,74.5,5.9,81.5,55.5,7.8,5.4,6.2,Medium
401,74.6,6.3,74.0,78.4,6.1,1.1,6.3,Low
402,74.7,5.7,57.3,82.2,7.5,2.9,8.4,Low
403,73.9,3.4,71.5,71.8,5.9,5.3,6.5,Medium
404,68.9,1.3,74.0,73.6,7.1,6.7,1.5,High
405,93.2,7.5,54.3,88.2,6.0,2.3,6.3,Low
406,99.9,5.5,68.7,86.2,6.3,6.9,9.6,Low
407,83.2,3.2,83.0,76.7,7.8,6.2,7.4,Medium
408,67.2,7.8,71.9,77.2,7.7,4.8,8.0,Low
409,80.4,4.4,60.3,63.8,6.7,6.0,5.8,Medium
410,76.7,4.6,75.5,82.4,9.4,1.7,6.0,Low
411,84.9,1.4,92.4,70.1,6.0,5.9,2.1,High
412,80.5,2.8,67.8,78.0,8.0,4.9,10.0,Medium
413,78.7,4.1,85.2,71.0,7.5,1.0,7.4,Low
414,77.1,3.9,58.8,86.5,4.5,9.9,8.8,High
415,82.4,8.6,71.8,57.7,8.2,1.3,7.7,Low
416,92.4,5.9,47.7,75.3,6.9,2.9,1.9,Medium
417,63.8,3.8,83.8,100.0,8.0,2.8,5.7,Medium
418,91.0,6.0,73.5,75.8,8.4,8.2,6.5,Medium
419,79.9,5.8,61.5,36.9,7.6,2.9,9.1,Low
420,80.2,7.8,56.0,90.1,5.0,5.9,6.0,Medium
421,89.2,4.1,77.6,80.0,7.5,5.0,9.9,Low
422,71.3,7.6,63.0,91.3,9.8,2.8,2.2,Low
423,80.0,3.4,60.6,66.7,6.4,6.8,8.8,Medium
424,91.9,9.4,57.2,32.1,9.4,4.7,6.4,Low
425,56.4,2.1,77.7,69.7,4.4,2.5,8.6,Medium
426,93.3,5.2,98.0,88.4,9.2,6.6,8.2,Low
427,61.9,1.6,57.6,76.1,7.0,4.9,6.5,High
428,83.7,6.8,68.1,67.4,4.0,5.8,5.0,Medium
429,67.1,6.5,80.9,82.9,8.1,2.2,6.0,Low
430,71.4,8.3,80.1,68.1,8.0,4.9,6.3,Low
431,83.6,6.5,66.0,52.0,7.4,3.7,4.2,Medium
432,68.8,4.3,68.4,81.0,6.7,5.0,5.8,Medium
433,84.5,5.6,76.0,95.0,6.7,1.3,6.3,Low
434,87.7,4.8,72.5,44.4,6.0,5.2,8.1,Medium
435,69.0,5.5,58.0,53.6,7.1,4.6,7.3,Medium
436,86.8,8.2,81.3,66.2,8.1,1.6,6.7,Low
437,90.6,6.2,79.6,100.0,6.1,5.6,6.3,Low
438,91.4,5.0,78.9,96.7,7.8,3.8,5.8,Low
439,69.7,6.9,86.4,68.1,4.8,3.1,7.4,Low
440,66.6,0.9,61.8,39.4,7.4,3.5,6.6,High
441,93.6,3.0,37.9,71.5,7.6,1.6,5.8,Medium
442,73.8,4.9,59.4,100.0,6.7,4.5,5.5,Medium
443,46.3,7.6,25.0,93.7,5.4,1.8,6.3,Medium
444,100.0,5.4,65.3,59.7,7.8,3.5,7.9,Low
445,54.4,5.9,72.5,50.2,5.8,3.9,5.5,Medium
446,81.5,1.9,55.6,100.0,6.0,3.4,6.1,Medium
447,74.7,7.2,60.0,85.7,6.0,5.6,6.1,Medium
448,75.9,4.6,75.7,52.9,5.8,7.9,7.5,Medium
449,73.7,6.1,67.2,36.0,7.2,4.0,7.2,Medium
450,68.7,4.4,84.0,69.6,6.5,4.9,5.7,Medium
451,90.8,4.5,73.1,60.7,5.5,5.5,7.0,Medium
452,85.6,6.3,47.4,73.9,4.6,5.1,4.3,Medium
453,83.6,6.3,60.4,71.6,8.5,1.2,7.8,Low
454,79.4,6.7,44.9,72.1,8.3,6.6,5.0,Medium
455,74.6,8.5,48.1,71.3,7.2,4.5,4.6,Medium
456,89.6,6.6,93.4,59.3,6.4,6.2,10.0,Low
457,77.9,1.7,65.0,87.4,7.8,6.2,10.0,Medium
458,72.8,3.0,51.2,70.0,8.2,7.3,6.9,High
459,78.2,4.5,85.2,59.8,6.9,4.1,6.4,Medium
460,99.7,3.0,98.0,61.5,6.0,3.0,7.8,Medium
461,77.8,7.0,56.5,45.2,6.6,4.7,3.6,Medium
462,76.7,5.9,56.7,58.8,5.7,3.9,7.4,Medium
463,100.0,7.1,50.3,47.4,6.9,7.0,7.8,Medium
464,71.7,6.8,87.3,95.4,5.7,5.0,3.9,Medium
465,68.3,2.2,64.3,49.0,7.9,4.2,4.8,High
466,83.8,7.9,72.8,62.7,6.7,4.0,5.1,Low
467,57.5,4.0,85.4,58.8,4.7,4.0,8.7,Medium
468,57.3,5.2,73.8,80.6,7.7,5.3,3.3,Medium
469,85.4,7.6,64.9,77.9,5.8,6.5,5.3,Medium
470,97.8,4.0,77.5,63.5,9.3,1.0,7.2,Low
471,53.0,2.4,94.5,86.5,4.6,4.2,5.3,High
472,84.8,8.5,77.2,79.0,7.6,2.2,7.9,Low
473,89.1,3.6,59.0,95.2,7.3,2.2,5.7,Medium
474,72.5,4.7,67.0,68.0,9.0,5.7,9.5,Medium
475,57.7,5.0,84.4,83.6,6.2,2.8,8.4,Medium
476,75.4,6.1,70.2,70.1,7.1,2.7,9.9,Low
477,84.6,7.6,60.6,63.4,6.6,2.6,7.9,Low
478,86.6,3.8,63.5,78.0,6.1,3.5,9.6,Medium
479,69.0,3.8,98.0,38.0,5.6,7.4,5.7,High
480,84.0,9.0,58.0,62.5,7.5,4.1,5.5,Low
481,76.4,2.1,74.5,85.4,6.8,3.8,7.6,Medium
482,71.5,4.2,67.0,95.6,6.9,4.0,6.2,Medium
483,73.4,2.9,55.1,85.8,6.3,4.4,5.5,High
484,62.1,3.9,87.6,65.4,6.2,3.4,5.8,Medium
485,80.7,4.0,66.6,64.1,7.4,4.8,6.9,Medium
486,85.6,4.6,85.0,79.5,8.8,4.1,7.0,Low
487,69.8,4.8,79.5,66.2,8.8,4.2,9.7,Low
488,65.4,4.2,61.1,88.2,7.8,4.1,5.6,Medium
489,77.7,6.2,79.7,71.0,6.5,4.4,6.8,Medium
490,81.0,3.9,92.4,61.9,8.8,6.7,8.4,Medium
491,100.0,5.9,63.6,63.6,6.2,5.7,3.5,Medium
492,60.9,7.9,82.2,78.6,8.1,5.6,6.1,Low
493,60.4,7.4,74.2,50.0,7.2,3.4,6.3,Medium
494,74.1,5.9,65.1,53.5,7.8,5.1,3.6,Medium
495,82.9,6.6,65.9,75.0,6.1,1.0,7.5,Low
496,76.9,5.7,64.7,67.8,7.2,4.1,8.2,Medium
497,72.9,1.9,70.0,51.1,4.0,2.2,5.6,High
498,68.4,1.7,64.9,91.5,8.0,4.2,8.3,Medium
499,72.7,3.0,77.5,54.7,7.4,4.2,5.8,Medium
500,72.5,7.1,45.7,76.3,6.7,2.9,6.6,Medium
501,81.8,4.7,71.4,94.6,6.3,5.0,3.0,Medium
502,83.5,1.1,76.8,64.4,7.2,1.6,6.5,Medium
503,87.9,6.0,67.8,71.9,8.4,5.5,5.3,Medium
504,71.0,3.4,67.5,53.4,4.4,3.8,7.0,High
505,80.2,7.0,49.9,63.8,5.3,4.6,6.3,Medium
506,72.2,4.9,58.1,55.6,8.9,5.7,6.1,Medium
507,59.5,4.4,76.0,74.7,8.2,6.4,6.3,Medium
508,72.4,3.8,62.2,86.5,6.5,1.2,7.4,Medium
509,76.8,3.9,40.5,90.7,7.8,2.2,6.8,Medium
510,65.0,2.1,38.6,84.5,8.1,3.6,6.4,High
511,99.1,3.3,51.4,74.0,7.7,3.7,3.6,Medium
512,68.8,6.2,78.0,45.3,5.5,2.4,6.4,Medium
513,100.0,4.2,68.9,59.2,10.0,3.1,5.5,Medium
514,79.9,2.2,79.3,71.9,6.0,3.1,2.7,High
515,71.3,0.5,61.7,64.1,6.3,3.2,4.8,High
516,92.8,7.7,65.6,90.3,6.6,3.7,4.8,Low
517,86.4,6.0,49.9,74.6,6.4,2.6,6.4,Medium
518,55.0,3.9,94.5,79.0,5.6,5.2,6.7,Medium
519,74.2,3.6,68.0,62.5,6.8,5.5,8.1,Medium
520,62.4,3.9,90.5,100.0,7.4,7.1,8.9,Medium
521,76.4,0.8,67.1,51.5,7.2,7.3,7.0,High
522,68.6,2.5,40.5,41.5,9.0,5.7,6.2,High
523,76.2,4.7,67.8,94.3,7.5,1.0,8.6,Low
524,54.8,4.0,48.6,72.6,5.5,1.7,4.4,High
525,87.8,4.4,77.3,93.8,7.3,5.2,4.6,Medium
526,77.0,2.5,75.8,86.5,8.2,4.1,8.3,Medium
527,76.3,3.7,75.0,83.6,9.6,5.5,4.3,Medium
528,66.3,2.2,69.1,54.4,8.6,3.7,7.8,Medium
529,79.8,5.5,53.5,71.5,6.5,4.0,6.7,Medium
530,86.2,3.9,79.5,77.3,9.0,1.0,5.2,Low
531,93.1,0.5,88.8,73.3,4.5,5.5,4.4,High
532,67.0,7.7,62.6,56.7,9.4,5.9,5.8,Medium
533,68.5,4.4,90.1,56.3,5.5,6.5,5.9,Medium
534,79.2,5.8,62.5,33.2,6.7,6.4,10.0,Medium
535,76.6,4.7,87.1,81.5,7.4,1.0,5.7,Low
536,80.6,1.8,62.9,99.3,6.7,1.6,2.7,High
537,77.9,3.6,55.8,75.6,7.3,4.5,7.2,Medium
538,63.3,3.5,63.4,71.1,8.2,2.9,4.9,Medium
539,95.8,5.1,48.4,67.0,5.5,2.2,3.8,Medium
540,68.4,8.9,82.1,94.1,8.3,4.0,7.3,Low
541,79.2,2.7,51.7,86.4,5.5,4.6,7.8,Medium
542,87.0,5.5,51.2,80.6,6.8,2.4,2.5,Medium
543,83.4,1.7,44.1,100.0,5.6,3.4,6.6,Medium
544,78.8,2.8,58.1,84.9,6.7,4.2,2.2,High
545,71.1,6.5,57.8,56.8,7.4,5.3,7.2,Medium
546,71.2,6.3,90.8,90.7,5.1,9.5,3.8,Medium
547,63.3,5.4,66.7,77.8,8.6,5.9,4.7,Medium
548,78.9,6.8,82.7,90.0,8.0,5.5,5.5,Low
549,62.2,5.6,61.6,91.9,6.0,3.5,5.6,Medium
550,89.6,6.3,68.3,76.7,8.9,1.0,8.0,Low
551,91.0,7.2,79.2,59.6,6.4,5.4,5.3,Medium
552,75.6,1.8,51.3,77.5,6.5,2.8,6.1,High
553,81.6,4.3,70.4,73.4,6.7,4.2,4.7,Medium
554,72.0,1.1,51.7,53.0,6.5,6.2,6.5,High
555,79.8,2.9,72.0,99.1,6.9,2.7,4.2,Medium
556,81.2,2.9,78.0,55.8,5.0,5.1,3.9,High
557,85.3,6.9,59.7,75.3,8.7,3.4,9.7,Low
558,74.1,2.9,69.4,75.6,8.4,5.8,7.2,Medium
559,85.9,5.2,79.1,63.7,5.7,4.6,10.0,Low
560,87.7,3.4,87.5,42.2,6.7,4.9,5.2,Medium
561,70.9,4.5,60.4,59.5,5.7,1.4,4.6,Medium
562,76.8,6.8,58.7,52.6,8.9,2.1,6.7,Low
563,66.8,3.4,73.4,79.4,8.5,5.4,6.8,Medium
564,85.5,2.7,84.9,80.5,7.6,5.3,3.5,Medium
565,64.4,5.1,70.0,81.2,7.1,3.9,9.0,Medium
566,82.2,6.3,84.7,92.2,7.4,5.5,7.0,Low
567,90.9,9.4,53.4,60.0,8.9,4.5,5.6,Low
568,69.7,6.7,75.8,100.0,6.9,5.8,9.8,Low
569,60.8,2.7,71.8,62.8,6.5,3.0,6.2,High
570,67.2,2.2,73.4,74.0,8.2,5.1,7.3,Medium
571,87.0,3.0,61.0,76.4,8.1,5.4,6.1,Medium
572,75.8,5.3,51.8,85.6,7.9,5.9,8.5,Medium
573,90.0,1.0,71.2,49.1,5.9,4.0,8.9,Medium
574,82.0,5.3,93.0,75.9,5.9,1.7,4.8,Medium
575,79.3,1.7,74.1,76.9,6.1,4.4,7.5,Medium
576,70.4,6.3,58.0,81.4,8.7,4.8,4.0,Medium
577,79.1,5.0,55.9,51.8,6.5,5.8,8.1,Medium
578,92.4,4.7,95.5,58.5,7.5,3.8,9.5,Low
579,78.4,2.7,71.4,54.0,6.0,5.9,6.5,High
580,88.3,3.1,86.2,69.2,4.7,2.6,3.7,Medium
581,60.4,5.8,73.1,81.5,6.1,5.2,3.6,Medium
582,72.2,4.5,60.0,73.6,7.0,5.0,7.1,Medium
583,89.5,3.8,77.1,76.4,7.3,4.4,2.2,Medium
584,100.0,3.0,56.8,66.8,5.4,7.3,5.3,High
585,69.8,3.1,74.1,94.3,7.3,2.8,9.1,Medium
586,81.4,3.4,67.0,74.1,7.3,4.2,6.5,Medium
587,100.0,10.5,70.4,57.3,5.7,5.7,3.3,Low
588,75.8,5.6,70.5,65.5,9.2,5.6,5.6,Medium
589,87.4,4.4,60.8,65.5,8.4,3.2,6.4,Medium
590,90.2,5.4,71.4,61.4,9.8,5.7,1.8,Medium
591,93.7,2.2,48.8,60.8,8.5,3.7,6.9,Medium
592,58.0,7.0,64.3,51.4,7.4,5.1,6.7,Medium
593,93.5,6.0,89.0,71.1,7.1,5.8,8.8,Low
594,74.0,8.6,69.6,72.1,7.5,2.7,3.2,Low
595,100.0,6.9,55.1,74.2,7.7,3.3,9.4,Low
596,72.1,6.8,59.2,80.1,8.9,5.1,5.5,Medium
597,80.7,6.2,62.0,65.7,9.1,6.7,5.2,Medium
598,62.2,2.2,52.4,67.5,6.9,1.7,6.8,High
599,43.2,5.1,90.5,52.6,4.0,4.5,7.9,Medium
600,73.1,5.3,86.1,99.0,7.7,2.0,6.8,Low
601,66.0,4.8,64.6,62.9,8.8,3.8,3.5,Medium
602,82.6,6.2,68.7,59.6,6.5,3.1,5.5,Medium
603,69.6,4.4,49.0,75.9,6.1,5.8,7.3,Medium
604,96.1,2.1,87.8,70.1,7.7,5.8,8.4,Medium
605,78.7,5.7,66.7,83.6,5.9,4.9,9.6,Low
606,100.0,6.9,88.5,80.4,8.3,7.7,6.4,Low
607,58.9,4.5,70.6,58.8,5.6,3.3,4.0,High
608,89.0,8.2,77.5,49.7,7.2,2.7,7.1,Low
609,68.1,6.8,77.8,66.9,7.6,4.3,10.0,Low
610,55.2,5.6,85.4,66.1,6.4,4.5,4.7,Medium
611,71.6,2.8,65.5,38.5,6.3,5.2,5.7,High
612,73.1,6.6,90.1,60.2,8.4,1.0,4.8,Low
613,84.4,5.3,69.7,85.8,6.8,5.6,5.5,Medium
614,70.5,1.1,77.5,58.1,8.2,6.0,6.1,High
615,79.0,5.2,65.1,48.7,8.7,3.2,7.6,Medium
616,81.5,5.4,71.1,86.6,6.0,6.0,6.8,Medium
617,78.5,4.0,67.4,81.3,5.6,1.1,6.0,Medium
618,86.4,4.2,87.2,92.7,8.7,6.8,7.0,Medium
619,84.8,3.4,30.4,78.5,6.1,3.8,1.5,High
620,88.8,4.4,59.7,53.5,6.0,2.7,4.6,Medium
621,61.0,4.4,63.3,85.8,4.9,3.4,4.7,Medium
622,82.1,4.7,79.9,100.0,7.0,5.2,5.0,Medium
623,76.5,4.8,97.9,53.8,6.8,4.2,5.0,Medium
624,82.2,4.8,69.7,60.4,7.9,2.5,5.8,Medium
625,88.2,7.6,57.5,82.0,6.9,6.1,6.7,Low
626,98.4,7.9,54.4,66.8,6.1,4.1,2.9,Medium
627,57.9,6.8,72.8,84.1,5.9,2.3,6.1,Medium
628,94.6,5.0,70.6,90.8,7.5,4.5,7.4,Low
629,75.7,7.9,66.5,60.5,7.8,5.9,5.6,Medium
630,86.7,7.0,25.0,44.4,7.5,2.5,9.9,Low
631,81.9,4.6,68.9,65.9,6.2,4.4,8.5,Medium
632,59.4,5.3,61.7,73.4,6.1,4.5,4.4,Medium
633,77.8,4.3,44.7,78.7,4.0,3.5,3.5,High
634,81.1,4.1,79.4,68.8,6.7,6.2,5.6,Medium
635,77.6,7.7,77.3,100.0,7.6,3.2,8.6,Low
636,89.1,4.3,75.6,70.7,7.6,4.3,6.2,Medium
637,98.3,5.7,49.4,75.3,6.6,4.8,7.0,Medium
638,82.4,1.4,46.0,94.4,7.0,6.6,7.6,High
639,71.6,1.4,75.2,80.3,9.1,3.8,6.7,Medium
640,56.3,3.6,71.4,66.4,6.0,6.8,9.7,Medium
641,65.2,5.0,62.0,95.8,7.3,5.3,4.6,Medium
642,93.9,4.2,94.1,89.5,6.2,5.1,7.0,Medium
643,75.3,6.3,67.6,72.5,6.2,2.9,6.7,Medium
644,80.1,7.0,49.0,73.8,8.9,3.0,4.4,Medium
645,66.9,6.4,50.3,72.3,6.2,3.2,5.9,Medium
646,73.5,4.1,67.2,76.3,6.5,5.0,5.5,Medium
647,72.6,4.9,44.0,58.9,6.2,2.4,6.0,Medium
648,69.2,3.0,82.2,100.0,8.2,4.7,8.7,Medium
649,81.8,4.3,69.6,66.6,4.4,2.7,4.8,Medium
650,83.8,3.8,42.8,71.5,7.3,5.6,7.2,Medium
651,100.0,3.1,86.4,86.7,6.2,4.0,5.0,Medium
652,76.5,3.9,61.8,71.9,5.8,6.2,8.3,Medium
653,69.7,6.5,53.3,43.5,7.4,5.2,5.0,Medium
654,84.3,8.7,98.0,58.0,7.4,2.0,10.0,Low
655,72.8,6.5,69.3,55.1,6.8,1.8,5.2,Medium
656,74.8,5.2,36.2,71.0,10.0,2.5,7.2,Medium
657,72.9,0.5,54.1,61.1,8.0,4.1,6.1,High
658,86.1,5.1,65.7,82.7,5.3,3.8,9.0,Low
659,52.3,3.2,70.2,75.7,6.6,5.0,4.7,High
660,89.8,5.2,93.4,85.5,7.7,6.7,4.9,Medium
661,74.5,1.3,80.2,98.5,6.4,2.0,8.7,Medium
662,69.2,3.8,89.6,66.3,6.8,7.1,7.7,Medium
663,65.2,7.8,43.6,88.1,7.6,3.3,4.9,Medium
664,64.7,8.3,69.7,61.9,7.7,6.4,7.1,Low
665,86.4,6.7,68.8,77.1,6.9,2.4,4.0,Low
666,83.4,3.4,67.7,68.0,8.2,4.7,7.1,Medium
667,74.6,4.5,63.2,76.0,4.9,4.2,7.2,Medium
668,82.7,2.6,62.1,65.9,6.4,2.0,4.3,High
669,78.1,5.6,70.1,58.1,7.5,3.8,5.5,Medium
670,66.9,3.8,78.0,69.1,6.9,2.4,10.0,Medium
671,50.8,0.7,60.7,75.2,9.1,5.1,7.1,High
672,89.0,5.0,40.6,76.1,7.3,8.1,5.1,Medium
673,93.1,2.1,89.5,74.1,8.0,5.5,7.9,Medium
674,79.2,3.5,65.8,59.8,6.9,1.3,6.8,Medium
675,89.7,7.2,86.4,74.4,6.8,3.7,7.3,Low
676,86.6,5.5,49.2,94.0,7.6,6.0,6.6,Medium
677,74.9,8.7,53.0,45.0,9.4,4.6,5.6,Low
678,71.0,0.8,94.1,83.3,7.6,5.7,4.7,High
679,83.5,7.0,37.1,81.5,7.9,4.4,4.7,Medium
680,76.0,3.9,73.1,63.5,7.9,3.3,5.5,Medium
681,92.0,4.5,75.4,51.2,8.8,1.6,6.7,Low
682,75.3,3.3,64.2,91.8,9.1,3.8,5.8,Medium
683,55.5,8.2,53.1,57.4,7.1,5.5,9.5,Low
684,100.0,6.3,61.3,61.5,6.8,5.6,8.4,Low
685,85.4,1.0,60.1,95.3,6.4,4.1,10.0,Medium
686,77.1,7.6,93.7,84.1,6.5,1.0,4.8,Low
687,85.7,6.0,84.4,54.3,7.2,1.0,4.7,Low
688,84.4,0.5,79.4,100.0,5.3,3.7,9.9,Medium
689,84.0,5.6,69.5,50.1,6.8,6.5,6.7,Medium
690,86.7,4.1,55.8,65.1,5.7,1.7,6.5,Medium
691,75.3,2.9,77.7,57.1,7.5,5.1,9.8,Medium
692,82.1,6.4,69.0,49.5,8.0,7.2,6.3,Medium
693,100.0,6.6,96.0,69.1,5.9,4.3,5.0,Low
694,80.4,4.3,70.3,70.6,5.8,3.2,9.0,Medium
695,77.2,2.1,39.8,66.8,7.3,2.1,2.9,High
696,84.7,11.2,80.2,56.1,6.9,4.0,4.0,Low
697,61.2,4.5,79.1,76.0,6.2,5.1,7.5,Medium
698,66.2,2.4,77.0,90.2,7.5,6.3,9.4,Medium
699,59.7,5.8,86.4,90.1,8.7,3.1,7.9,Low
700,87.3,3.6,70.7,50.7,6.0,4.8,8.6,Medium
701,78.0,7.9,88.9,56.3,6.9,3.3,8.1,Low
702,86.6,3.2,80.9,50.9,8.4,1.0,6.1,Medium
703,69.5,6.2,71.5,36.9,5.4,3.1,8.9,Medium
704,97.6,6.2,87.9,60.0,7.5,4.4,4.3,Medium
705,73.8,4.1,74.4,79.9,6.3,3.2,2.7,Medium
706,84.1,4.6,67.6,80.7,6.4,2.5,5.3,Medium
707,73.9,5.2,59.5,64.9,5.4,3.5,3.0,High
708,70.1,5.9,70.4,69.5,6.7,5.8,4.1,Medium
709,83.3,3.4,71.9,69.6,6.3,4.8,5.2,Medium
710,63.4,3.8,50.4,74.3,6.3,1.9,7.2,Medium
711,82.8,4.4,63.9,86.6,6.7,4.7,4.2,Medium
712,84.7,4.5,75.3,67.6,6.1,2.0,6.1,Medium
713,72.5,2.2,85.5,88.4,4.6,1.0,3.5,High
714,79.9,10.2,51.5,66.9,8.6,3.3,8.7,Low
715,89.2,4.7,80.3,87.0,5.3,3.9,5.2,Medium
716,78.4,2.4,54.0,72.9,7.0,6.7,6.9,High
717,95.2,7.4,83.9,25.0,6.1,5.0,3.9,Medium
718,71.7,6.1,68.7,66.4,9.1,3.4,8.7,Low
719,77.4,5.0,63.0,58.6,6.7,1.7,7.7,Medium
720,79.4,3.9,79.1,55.3,4.6,5.0,3.7,High
721,61.3,5.1,81.5,59.5,5.9,6.9,3.7,High
722,88.2,5.7,57.8,69.8,6.0,3.0,6.2,Medium
723,69.5,1.5,78.0,62.3,8.0,3.9,10.0,Medium
724,84.7,2.1,48.8,57.7,6.5,1.2,4.2,High
725,78.2,1.7,66.6,75.7,5.8,5.3,6.7,High
726,91.1,6.1,65.0,69.5,7.6,4.9,3.1,Medium
727,89.1,3.7,83.9,74.9,6.2,4.2,9.4,Low
728,69.0,1.4,64.4,92.2,8.9,6.1,2.3,High
729,75.2,3.8,65.5,54.5,6.7,2.1,10.0,Medium
730,78.7,3.8,50.6,87.3,7.7,6.3,7.2,Medium
731,72.4,3.3,57.3,65.5,7.8,3.2,7.1,Medium
732,87.0,3.9,81.7,78.7,7.5,4.2,6.8,Medium
733,67.7,3.1,71.5,86.3,6.7,5.1,6.0,Medium
734,68.6,4.8,73.4,61.0,6.3,3.3,6.9,Medium
735,60.3,5.3,71.7,75.3,6.3,4.7,4.3,Medium
736,68.9,6.4,49.4,61.7,6.3,5.4,3.6,High
737,70.9,2.6,91.2,67.6,6.4,4.4,8.2,Medium
738,53.1,2.6,71.1,61.9,5.3,2.9,6.8,High
739,81.9,8.7,45.1,48.3,5.6,6.0,4.7,Medium
740,59.8,6.4,57.6,89.8,7.3,3.0,8.3,Low
741,87.8,7.8,62.2,66.9,8.8,6.2,7.0,Low
742,67.8,2.7,48.0,56.1,6.8,2.1,7.9,Medium
743,47.1,3.2,58.5,81.7,7.6,2.0,7.0,Medium
744,65.5,5.4,50.9,74.0,8.8,7.9,8.7,Medium
745,65.6,3.8,54.9,62.2,4.9,3.1,8.7,Medium
746,100.0,5.7,70.8,82.8,5.1,2.7,8.1,Low
747,75.2,4.1,80.0,41.5,8.4,2.7,7.6,Medium
748,78.0,6.3,81.9,55.8,8.0,5.1,9.4,Low
749,71.7,7.2,78.2,64.9,8.2,3.5,8.3,Low
750,76.8,5.0,69.0,88.2,6.9,5.2,7.7,Medium
751,67.7,6.6,88.6,80.2,7.5,2.7,9.1,Low
752,59.6,5.1,89.7,61.0,7.6,2.9,7.8,Medium
753,61.0,4.0,59.1,73.6,5.0,6.9,7.1,High
754,72.1,7.8,67.7,76.1,7.3,7.1,6.8,Medium
755,65.2,5.0,73.9,71.6,6.2,2.7,3.1,Medium
756,83.8,3.1,59.0,80.2,8.3,2.3,5.8,Medium
757,73.3,5.8,53.4,59.2,7.5,3.1,4.4,Medium
758,77.9,3.0,64.2,92.5,6.8,4.0,5.6,Medium
759,59.7,5.2,82.2,92.2,10.0,3.7,6.9,Low
760,64.8,8.5,81.9,87.4,7.7,4.0,1.4,Medium
761,93.0,6.1,71.6,58.8,8.0,4.7,6.9,Low
762,64.7,2.6,66.7,70.3,5.8,7.3,5.6,High
763,77.2,5.3,88.6,59.6,6.8,1.9,8.6,Low
764,83.1,5.1,72.0,100.0,6.9,3.1,5.3,Medium
765,90.4,6.0,74.7,61.6,7.7,5.3,6.7,Medium
766,76.4,5.7,73.6,64.3,6.6,1.1,7.7,Low
767,76.7,7.9,43.0,74.7,7.7,2.9,7.5,Low
768,81.4,5.9,64.7,25.0,7.1,4.4,5.0,Medium
769,62.1,5.8,73.6,97.3,6.0,6.3,6.5,Medium
770,72.0,5.8,80.3,63.6,8.9,4.2,4.0,Medium
771,64.3,6.9,60.3,73.4,7.1,4.0,8.5,Low
772,72.2,2.6,35.8,70.1,6.7,6.4,5.1,High
773,90.3,4.2,92.1,56.4,6.5,5.4,8.9,Medium
774,88.1,2.1,83.2,71.9,5.0,3.2,5.8,Medium
775,68.4,7.4,75.5,90.2,5.9,1.2,7.4,Low
776,78.4,6.5,77.2,74.5,8.0,4.3,6.9,Low
777,100.0,7.4,53.3,46.7,8.6,3.4,6.2,Low
778,72.1,5.5,62.2,53.0,4.9,1.0,4.4,Medium
779,92.7,2.9,67.7,89.9,8.6,3.2,7.9,Low
780,73.5,0.9,81.4,73.8,5.9,4.6,7.2,High
781,80.0,2.9,65.6,76.9,7.9,3.8,4.3,Medium
782,83.1,7.3,59.7,80.1,8.3,6.1,9.2,Low
783,81.4,7.6,86.9,58.8,7.4,4.6,5.1,Low
784,74.0,0.8,77.9,85.6,8.4,6.6,5.3,High
785,76.1,7.9,83.1,60.2,4.2,3.8,4.4,Medium
786,78.8,6.7,47.7,76.4,5.5,8.7,6.6,Medium
787,83.7,2.7,38.1,56.7,5.9,6.3,4.2,High
788,87.9,5.6,66.4,32.2,6.3,5.9,7.6,Medium
789,79.8,1.9,69.8,76.1,6.4,5.0,5.1,High
790,53.9,3.5,58.3,91.5,7.9,4.1,5.4,Medium
791,84.7,7.8,54.5,61.8,8.4,5.1,5.6,Low
792,91.9,5.9,54.8,76.4,7.0,7.2,7.7,Medium
793,83.8,5.1,75.3,49.8,5.3,4.9,7.3,Medium
794,73.2,0.8,52.8,80.6,7.2,3.0,4.6,High
795,81.2,4.5,65.8,63.9,7.2,4.7,5.2,Medium
796,98.0,3.6,70.3,47.2,5.8,5.9,8.0,Medium
797,80.6,3.5,73.0,56.1,8.3,1.0,5.7,Medium
798,68.4,7.4,65.2,91.8,8.7,5.0,3.2,Medium
799,69.0,3.8,73.6,78.1,5.4,5.6,4.5,High
800,73.8,5.3,66.2,97.1,8.4,1.8,4.2,Medium
801,91.8,5.0,76.8,72.4,8.5,5.6,8.1,Low
802,69.9,6.0,45.5,68.1,6.2,2.8,4.6,Medium
803,53.9,7.3,65.0,69.2,7.6,6.1,9.2,Medium
804,72.8,5.2,55.3,83.7,7.0,5.8,8.2,Medium
805,87.4,5.9,69.2,52.1,7.4,7.2,5.6,Medium
806,69.9,6.0,91.4,55.3,4.1,3.1,6.7,Medium
807,76.3,4.3,61.0,61.7,6.0,4.8,7.6,Medium
808,59.0,8.0,74.2,80.9,6.7,4.7,4.3,Medium
809,97.0,7.6,64.6,50.9,6.6,5.3,5.7,Low
810,68.5,5.1,55.8,93.4,8.1,5.4,5.1,Medium
811,80.5,7.0,38.7,75.3,8.7,7.5,4.6,Medium
812,81.3,6.9,84.9,42.6,4.6,4.5,7.5,Medium
813,76.5,4.1,85.9,95.6,6.3,4.5,4.2,Medium
814,98.8,2.0,53.0,57.8,5.7,6.5,10.0,Medium
815,81.1,4.1,78.1,57.5,8.6,4.1,7.3,Medium
816,69.7,4.4,45.3,72.3,8.1,1.0,4.5,Medium
817,72.3,4.2,66.7,71.3,7.3,4.1,3.1,High
818,81.8,7.2,71.6,43.6,7.3,5.1,4.5,Medium
819,78.9,7.4,90.6,74.0,7.6,3.9,5.7,Low
820,94.6,6.7,76.6,63.6,8.8,6.1,3.9,Medium
821,91.1,5.1,71.9,39.7,5.2,6.0,5.0,Medium
822,87.7,2.1,47.3,100.0,8.1,4.0,6.9,Medium
823,69.5,5.5,84.5,65.4,7.6,1.2,10.0,Low
824,90.1,4.7,63.3,94.6,6.4,4.9,5.9,Medium
825,66.9,6.9,62.2,79.4,6.6,4.0,6.2,Medium
826,70.1,6.3,66.8,85.8,7.9,6.4,5.5,Medium
827,86.0,4.5,67.7,60.6,6.4,5.3,5.8,Medium
828,69.2,6.5,73.0,52.5,7.1,6.2,8.7,Medium
829,71.6,2.6,62.9,93.5,7.9,1.0,8.2,Medium
830,51.4,8.7,79.8,65.7,7.1,5.4,5.5,Medium
831,83.6,4.5,64.5,96.4,4.6,4.3,3.7,Medium
832,75.8,3.4,98.0,63.8,6.8,3.1,8.3,Medium
833,71.9,3.5,94.2,84.5,7.3,8.5,5.2,High
834,68.2,3.2,84.8,62.1,8.4,3.1,2.9,High
835,68.4,5.4,84.7,92.8,7.4,5.4,1.2,Medium
836,81.2,4.9,63.7,61.3,8.1,6.3,10.0,Medium
837,75.7,3.2,94.4,66.9,6.4,1.7,7.3,Medium
838,85.3,6.5,71.1,80.7,7.7,5.1,8.9,Low
839,88.2,5.2,60.5,84.8,6.3,3.9,5.1,Medium
840,100.0,2.9,77.3,82.8,8.1,4.1,6.7,Medium
841,75.6,0.5,57.3,93.8,6.0,4.4,10.0,Medium
842,66.4,3.8,64.5,40.0,6.0,1.6,7.6,Medium
843,75.0,0.5,79.3,87.6,6.6,5.9,7.7,High
844,67.0,5.4,70.6,58.6,5.8,4.9,10.0,Medium
845,77.6,5.2,53.2,67.8,6.8,3.5,5.2,Medium
846,77.4,3.7,85.4,100.0,6.1,3.5,7.4,Medium
847,85.0,3.3,60.0,81.4,5.0,8.2,7.1,High
848,74.4,4.5,53.0,100.0,6.9,3.4,10.0,Low
849,90.4,4.4,74.1,66.7,6.6,3.8,7.1,Medium
850,91.1,8.8,37.6,100.0,8.2,4.2,5.6,Low
851,55.6,7.2,52.7,82.4,6.5,1.3,7.3,Low
852,83.8,2.9,80.0,100.0,7.6,5.0,5.0,Medium
853,65.5,4.0,69.0,72.2,6.8,8.7,7.6,High
854,66.3,2.4,43.7,55.8,7.7,3.7,5.1,High
855,85.1,5.9,73.2,71.8,7.0,1.8,2.8,Medium
856,68.3,3.2,56.5,69.2,6.4,1.9,6.3,Medium
857,82.0,3.8,79.5,77.0,7.5,3.5,7.3,Medium
858,86.2,0.9,83.0,63.8,7.8,1.0,5.6,Medium
859,57.6,4.5,70.5,78.5,7.0,1.9,9.1,Medium
860,61.9,4.1,57.1,62.4,5.3,6.2,8.0,High
861,78.9,4.5,54.6,70.2,5.9,4.4,7.3,Medium
862,75.0,5.6,76.2,84.9,9.4,1.6,4.0,Low
863,63.4,4.4,45.7,63.5,8.0,5.5,9.8,Medium
864,88.2,6.8,60.6,66.3,8.1,5.7,2.7,Medium
865,61.3,2.8,56.0,93.1,9.2,4.8,7.2,Medium
866,100.0,5.7,75.8,78.0,7.4,6.6,8.0,Low
867,79.0,4.0,71.6,45.4,7.6,4.4,7.1,Medium
868,64.1,5.7,70.6,71.9,7.4,2.7,3.6,Medium
869,83.4,0.5,76.3,100.0,7.4,5.7,9.8,Medium
870,90.5,9.4,55.8,66.5,7.6,1.3,6.5,Low
871,78.8,7.4,82.9,84.3,7.8,4.3,7.1,Low
872,87.1,6.8,57.9,79.2,6.9,4.7,8.8,Low
873,75.0,3.0,55.2,62.8,7.7,3.9,5.3,High
874,87.3,5.1,77.8,100.0,9.3,4.8,7.2,Low
875,91.4,7.4,63.0,52.4,8.0,4.6,7.7,Low
876,84.5,3.4,60.9,89.1,6.8,2.8,5.9,Medium
877,82.8,3.8,92.3,85.0,5.2,4.6,9.6,Low
878,100.0,3.9,68.3,50.3,7.7,5.1,7.1,Medium
879,65.0,6.4,93.6,93.7,7.4,4.1,8.3,Low
880,76.3,0.5,44.0,93.9,8.6,4.0,4.9,High
881,74.4,2.2,64.4,100.0,6.2,2.8,3.8,High
882,80.5,2.9,77.1,67.1,9.0,5.3,7.5,Medium
883,61.1,4.8,72.3,77.5,7.4,4.4,4.2,Medium
884,49.1,2.6,82.2,84.8,8.4,4.8,7.0,Medium
885,78.2,1.4,70.5,61.6,6.3,2.4,6.4,High
886,89.0,6.4,54.4,75.9,6.9,1.0,8.4,Low
887,70.2,6.0,56.9,84.4,8.5,4.7,7.6,Medium
888,70.2,4.2,52.3,88.8,8.4,3.3,6.6,Medium
889,70.0,2.2,60.8,52.8,4.7,4.7,4.5,High
890,77.5,0.5,69.2,60.9,6.2,5.8,6.3,High
891,81.6,4.9,74.7,59.3,7.0,3.8,7.9,Medium
892,71.1,6.3,75.4,62.7,7.9,3.5,5.2,Medium
893,68.4,2.7,72.4,68.9,6.6,5.7,8.3,Medium
894,79.3,0.9,74.8,40.7,5.9,3.9,9.6,High
895,48.2,1.7,58.0,83.1,5.0,2.8,8.9,High
896,88.6,3.6,82.2,73.4,5.9,2.9,5.2,Medium
897,65.1,5.7,82.1,49.0,7.8,2.3,6.4,Medium
898,81.6,6.8,67.7,76.0,9.0,7.1,8.6,Low
899,87.0,5.8,90.9,83.8,6.2,4.4,7.3,Low
900,61.3,3.6,92.0,53.8,7.6,4.8,8.4,Medium
901,68.7,3.2,68.7,61.9,8.9,4.5,8.2,Medium
902,66.0,6.0,98.0,71.1,5.7,6.2,5.6,Medium
903,62.5,2.5,51.5,80.4,6.0,2.6,5.8,High
904,83.1,6.6,85.3,66.7,8.2,2.8,9.9,Low
905,85.4,5.3,45.8,87.6,6.4,3.1,4.9,Medium
906,70.7,5.8,74.0,72.8,9.2,2.0,7.1,Low
907,62.1,5.9,76.0,74.2,7.6,5.3,7.5,Medium
908,61.4,6.6,92.5,90.0,6.7,7.7,7.0,Medium
909,92.1,6.2,88.2,46.5,6.0,5.1,6.0,Medium
910,73.6,7.8,60.1,76.9,7.5,3.8,1.9,Medium
911,55.7,4.3,98.0,60.5,7.0,7.9,6.6,High
912,84.1,5.4,56.3,58.3,6.4,4.2,5.0,Medium
913,72.1,5.3,84.8,100.0,6.1,4.7,4.5,Medium
914,70.6,1.4,92.2,65.2,8.2,2.3,1.8,High
915,98.5,1.6,53.5,91.2,7.1,3.9,9.2,Medium
916,74.6,6.4,50.7,94.8,6.3,4.5,5.1,Medium
917,68.2,4.2,80.8,68.1,7.2,3.4,9.1,Medium
918,60.4,1.4,87.8,37.4,9.1,4.2,7.4,High
919,81.9,3.5,75.2,100.0,8.5,2.9,9.0,Low
920,63.9,4.4,70.0,91.9,5.3,6.1,5.7,Medium
921,58.3,6.8,62.2,39.9,8.0,1.2,5.7,Medium
922,64.5,3.2,83.2,82.2,5.2,3.8,6.6,Medium
923,94.3,5.7,51.1,51.3,7.8,5.6,5.3,Medium
924,70.5,5.8,72.1,29.9,6.7,5.7,3.5,High
925,88.4,2.3,71.3,58.5,5.1,4.6,6.3,High
926,96.3,6.5,45.8,77.2,8.2,5.7,10.0,Low
927,100.0,3.4,73.4,100.0,8.5,3.0,3.5,Medium
928,59.3,6.1,66.5,69.1,6.3,2.7,7.7,Medium
929,77.7,5.7,45.1,100.0,8.4,6.1,2.4,Medium
930,88.7,1.9,74.0,90.6,8.3,5.5,10.0,Medium
931,80.0,3.2,60.6,72.3,8.0,2.3,8.1,Medium
932,77.7,3.9,54.9,64.5,7.4,3.8,8.0,Medium
933,58.7,1.9,53.5,89.7,6.8,4.3,7.7,High
934,85.9,3.7,48.0,66.3,5.2,4.1,5.0,High
935,81.4,5.2,62.9,82.2,10.0,1.0,10.0,Low
936,66.3,2.1,54.5,83.7,7.3,3.1,5.3,High
937,68.9,6.0,85.6,67.9,6.2,3.5,1.9,Medium
938,77.3,5.6,62.8,63.9,8.3,4.8,7.3,Medium
939,84.0,5.1,86.4,50.1,7.0,1.0,5.7,Medium
940,100.0,2.2,52.6,70.8,8.0,5.4,5.4,Medium
941,98.4,4.7,83.9,97.5,5.8,1.5,7.6,Low
942,80.2,4.9,71.8,70.4,8.9,1.0,9.0,Low
943,81.1,4.5,54.4,91.7,5.6,4.4,8.8,Medium
944,58.1,5.4,72.4,78.8,6.4,5.3,8.6,Medium
945,74.4,9.0,52.1,61.1,8.4,3.8,4.6,Low
946,72.6,7.8,79.1,57.2,4.8,6.9,7.0,Medium
947,72.9,3.0,39.0,50.9,7.4,3.3,9.8,Medium
948,89.0,3.6,55.0,92.6,6.6,9.0,6.7,Medium
949,61.6,0.7,57.7,95.1,6.7,1.0,5.2,High
950,74.5,7.5,74.1,69.6,7.4,8.2,8.6,Low
951,69.1,6.2,83.8,100.0,7.3,3.6,7.2,Low
952,72.3,5.1,56.7,72.4,5.3,5.7,8.1,Medium
953,58.2,6.3,60.2,94.6,8.2,6.2,7.7,Medium
954,65.5,0.6,69.9,51.6,7.2,1.5,8.1,High
955,84.2,2.2,54.5,78.8,8.1,4.6,5.1,High
956,79.9,4.3,60.5,49.5,7.0,2.7,6.2,Medium
957,53.8,6.5,60.1,73.3,8.8,7.0,7.8,Medium
958,65.7,4.6,72.2,76.3,7.2,5.7,7.8,Medium
959,92.6,6.4,58.3,66.9,7.0,4.9,5.5,Medium
960,77.9,4.1,60.5,78.6,8.1,7.4,8.5,Medium
961,73.3,7.3,48.0,78.6,6.3,3.2,10.0,Low
962,73.0,5.3,76.3,71.6,5.4,4.8,5.8,Medium
963,76.7,4.8,74.4,78.6,5.2,4.6,10.0,Medium
964,55.1,2.9,58.3,40.2,4.8,2.5,8.8,High
965,73.6,2.9,65.6,79.8,7.6,4.3,10.0,Medium
966,81.2,5.7,60.6,58.2,5.6,1.9,7.6,Medium
967,79.9,3.5,63.1,88.9,6.8,4.3,7.1,Medium
968,84.0,3.3,33.5,40.8,7.4,3.2,5.8,High
969,57.4,3.2,69.7,72.6,5.7,2.1,10.0,Medium
970,75.0,4.6,49.2,59.5,6.7,2.1,6.7,Medium
971,64.1,3.3,56.8,45.4,5.1,4.4,4.4,High
972,75.8,4.5,72.6,85.0,6.2,2.1,6.9,Medium
973,88.3,4.1,67.1,68.9,6.8,5.3,5.7,Medium
974,85.2,5.6,98.0,60.5,8.4,5.6,4.1,Medium
975,84.8,6.0,59.5,32.6,7.9,1.9,6.2,Medium
976,56.7,6.0,42.3,62.6,6.3,4.2,3.5,High
977,83.5,5.8,62.9,67.4,4.0,7.1,6.0,Medium
978,85.8,5.2,68.8,83.0,6.2,6.0,9.7,Low
979,80.4,4.5,81.7,78.6,6.6,3.6,6.8,Medium
980,87.1,3.8,79.1,100.0,7.7,4.1,7.6,Low
981,72.7,2.6,57.4,50.1,8.2,3.3,2.8,High
982,84.1,5.5,72.3,50.5,5.7,7.4,5.3,Medium
983,83.5,5.0,48.6,48.4,7.6,3.6,5.9,Medium
984,90.5,1.6,67.2,90.7,8.0,3.7,7.4,Medium
985,85.5,3.0,47.3,85.8,7.1,7.5,5.2,High
986,90.0,6.5,74.9,72.5,5.9,3.7,5.5,Low
987,78.3,2.7,71.4,100.0,5.9,5.2,2.7,High
988,84.0,5.3,55.2,80.8,7.1,7.5,6.7,Medium
989,82.7,4.5,52.3,100.0,7.2,4.8,6.7,Medium
990,60.4,2.1,44.5,93.1,7.6,3.6,3.6,High
991,68.0,4.6,50.7,86.0,6.0,3.7,6.3,Medium
992,51.7,6.4,68.6,36.5,6.5,3.6,4.4,Medium
993,82.2,7.2,72.9,49.4,6.2,1.0,6.9,Low
994,66.0,5.4,79.2,86.1,7.2,3.7,3.3,Medium
995,100.0,9.2,66.7,78.9,5.6,3.5,6.6,Low
996,70.9,8.3,72.4,62.1,6.5,4.6,3.3,Medium
997,83.8,4.7,80.6,77.7,6.2,3.0,9.3,Low
998,83.1,6.0,76.3,70.6,5.7,7.4,6.1,Medium
999,93.5,4.6,83.5,58.1,5.4,3.7,5.5,Medium
1000,85.9,5.5,46.3,60.1,5.3,2.9,6.3,Medium
1001,70.5,7.1,73.9,58.4,8.5,5.8,6.9,Medium
1002,73.6,8.7,79.2,54.8,7.2,2.7,8.3,Low
1003,65.7,3.5,59.4,79.7,5.7,4.2,2.2,High
1004,88.2,0.5,70.5,76.0,6.4,6.2,8.8,High
1005,90.9,7.1,72.6,65.9,7.3,6.2,6.4,Low
1006,49.2,1.4,93.2,58.8,6.3,5.9,8.3,High
1007,84.7,5.1,38.3,100.0,6.5,6.2,6.8,Medium
1008,71.6,4.3,65.6,98.4,5.4,4.9,10.0,Medium
1009,71.9,4.9,51.6,98.3,5.6,5.4,2.6,High
1010,67.7,5.2,52.4,67.9,5.4,4.4,4.1,High
1011,65.3,5.3,41.3,82.1,6.0,7.1,5.4,High
1012,67.4,5.0,82.0,33.0,6.2,6.5,4.4,High
1013,63.4,1.6,63.2,51.9,7.5,1.5,5.5,High
1014,75.7,3.6,64.7,56.6,5.9,6.4,7.3,High
1015,83.1,6.9,73.7,67.1,7.7,3.8,10.0,Low
1016,80.5,4.9,89.9,85.2,6.2,5.1,3.9,Medium
1017,75.0,5.2,70.0,69.4,5.9,4.9,7.6,Medium
1018,69.9,4.8,74.9,79.9,7.4,5.1,7.7,Medium
1019,86.7,5.7,60.9,77.4,6.2,3.1,7.2,Low
1020,78.7,3.4,75.8,59.9,7.6,1.8,9.1,Medium
1021,83.9,5.7,68.2,50.8,5.0,4.3,5.8,Medium
1022,81.9,6.9,73.8,56.6,7.8,3.1,7.3,Low
1023,85.2,3.8,88.4,66.5,7.0,6.5,6.9,Medium
1024,68.0,4.1,71.2,64.9,6.4,5.9,6.1,Medium
1025,98.9,4.5,53.7,68.1,8.1,3.2,8.7,Low
1026,78.1,5.6,57.8,72.5,7.0,6.1,5.6,Medium
1027,59.3,2.6,58.5,82.2,5.9,2.4,5.9,High
1028,77.8,4.6,50.0,67.0,8.1,4.9,7.3,Medium
1029,68.9,4.2,50.5,81.1,8.0,3.8,5.7,Medium
1030,68.0,4.6,91.3,60.5,7.3,5.8,6.3,Medium
1031,62.3,5.5,89.4,74.4,7.0,4.1,2.2,Medium
1032,81.8,3.8,55.2,91.7,5.9,4.4,4.0,Medium
1033,82.0,2.0,71.1,73.9,7.9,1.9,5.6,Medium
1034,68.1,6.2,43.8,65.7,7.6,4.5,3.4,Medium
1035,91.4,4.9,82.0,65.2,7.0,4.6,5.6,Medium
1036,100.0,4.3,72.7,61.7,6.3,3.9,5.1,Medium
1037,66.6,4.9,62.2,100.0,6.8,3.0,7.7,Medium
1038,99.0,1.6,85.2,55.1,6.4,1.7,5.6,Medium
1039,61.4,3.6,63.3,69.7,7.3,4.7,6.3,Medium
1040,93.6,5.1,84.9,74.1,6.2,1.8,1.0,Medium
1041,72.8,2.5,67.7,92.5,4.3,5.4,3.5,High
1042,55.8,9.3,78.6,25.0,8.6,3.8,9.5,Low
1043,66.9,5.2,69.6,38.9,7.2,5.6,4.6,High
1044,84.3,6.1,68.3,90.1,7.8,7.1,7.0,Medium
1045,90.5,4.5,77.5,77.5,7.5,5.5,5.9,Medium
1046,74.1,1.2,71.2,53.2,6.1,3.5,7.8,High
1047,84.9,5.7,65.5,76.5,5.9,7.0,9.7,Medium
1048,70.8,2.3,51.8,57.2,5.9,4.7,6.9,High
1049,88.2,5.2,71.0,67.2,8.9,7.1,4.9,Medium
1050,81.6,4.3,64.3,63.0,5.6,3.7,8.4,Medium
1051,94.5,6.7,70.0,93.5,6.9,4.0,3.8,Low
1052,92.2,6.8,54.7,51.9,9.4,4.6,4.3,Medium
1053,74.3,6.0,83.0,84.9,8.9,5.5,7.4,Low
1054,92.7,3.8,59.8,49.4,7.9,2.9,7.0,Medium
1055,79.2,4.1,62.3,87.9,8.9,3.4,4.9,Medium
1056,100.0,5.0,60.2,66.7,8.0,4.0,6.7,Medium
1057,62.5,3.2,83.6,78.7,8.2,1.1,5.3,Medium
1058,81.7,6.1,97.1,75.2,5.9,2.8,3.8,Medium
1059,94.1,4.5,59.0,90.4,8.6,3.6,5.5,Medium
1060,81.5,1.4,75.0,82.9,7.2,5.5,6.5,High
1061,80.1,7.6,69.6,98.0,8.0,3.7,6.4,Low
1062,69.9,7.2,98.0,67.9,7.4,5.1,6.7,Low
1063,76.0,6.1,47.5,58.0,7.3,4.3,6.9,Medium
1064,85.0,7.2,53.3,61.1,8.3,4.4,6.9,Low
1065,92.5,1.1,88.9,75.2,5.5,6.4,10.0,Medium
1066,96.1,4.3,77.8,80.6,5.4,8.8,4.5,High
1067,100.0,4.7,71.7,67.9,8.7,7.4,6.9,Medium
1068,70.5,3.4,77.4,36.4,5.1,4.2,7.1,High
1069,72.2,3.9,43.9,65.8,6.8,4.7,7.6,Medium
1070,54.6,7.9,38.4,80.3,6.5,6.0,7.6,Medium
1071,75.7,4.2,44.7,70.6,6.1,2.5,4.3,Medium
1072,78.1,4.0,80.2,63.3,5.2,2.8,6.6,Medium
1073,56.0,7.4,64.7,69.8,7.2,5.4,7.8,Medium
1074,68.9,3.4,95.5,38.2,5.8,2.6,8.3,Medium
1075,81.3,5.4,55.8,77.1,5.8,3.2,5.0,Medium
1076,69.3,2.8,70.9,76.7,6.0,3.4,7.3,Medium
1077,79.8,7.7,64.3,77.1,7.8,2.4,4.3,Low
1078,61.5,5.6,65.2,76.0,7.1,4.6,7.8,Medium
1079,73.1,6.3,76.5,49.8,6.7,7.0,10.0,Medium
1080,77.5,4.8,45.0,73.8,6.9,3.2,10.0,Low
1081,80.5,2.8,52.7,83.8,6.2,2.5,3.1,High
1082,76.4,6.0,79.4,75.8,9.0,2.1,6.9,Low
1083,82.5,1.5,65.3,54.5,7.3,2.7,7.8,Medium
1084,97.0,4.4,58.9,52.5,7.5,2.5,8.4,Low
1085,97.9,8.3,93.5,73.8,7.6,2.8,3.8,Low
1086,86.9,1.9,81.9,58.2,6.8,7.3,7.0,High
1087,84.1,4.3,80.0,67.8,5.9,2.4,3.4,Medium
1088,62.9,6.1,66.8,56.7,7.9,4.5,7.4,Medium
1089,66.1,3.9,72.9,67.7,8.2,5.6,9.5,Medium
1090,81.7,3.5,68.6,100.0,8.3,3.9,7.9,Medium
1091,75.5,4.2,83.8,78.8,8.1,7.3,5.5,Medium
1092,81.7,6.7,79.1,66.0,7.1,7.7,5.4,Medium
1093,83.6,5.8,47.9,82.4,5.4,4.6,9.0,Medium
1094,72.0,1.8,67.7,71.7,7.1,4.6,7.1,High
1095,60.4,6.9,37.7,66.3,8.0,2.8,3.6,Medium
1096,69.0,3.8,96.1,48.1,7.5,3.8,4.9,Medium
1097,61.4,2.4,72.8,82.8,8.6,2.5,2.3,High
1098,84.9,5.9,84.6,41.7,8.8,4.4,10.0,Low
1099,75.5,7.6,59.9,100.0,6.4,1.5,7.0,Low
1100,91.7,7.3,67.2,78.4,7.0,6.6,8.6,Low
1101,72.0,6.7,67.7,91.0,6.5,4.4,5.4,Medium
1102,59.2,2.4,83.7,81.9,6.1,5.1,6.6,High
1103,87.3,3.9,67.9,53.6,8.4,5.1,6.7,Medium
1104,100.0,7.2,88.0,77.3,6.4,5.0,6.6,Low
1105,73.9,7.2,63.6,76.1,7.2,1.5,7.6,Low
1106,87.3,4.9,71.6,66.9,6.3,3.1,2.9,Medium
1107,84.5,2.1,61.7,38.6,6.2,5.2,6.7,High
1108,78.4,5.3,44.3,86.0,6.5,4.3,7.4,Medium
1109,46.1,7.6,63.2,80.9,6.6,3.1,9.1,Low
1110,63.6,5.4,60.6,80.3,8.1,5.4,7.6,Medium
1111,70.8,4.3,72.7,91.3,7.6,3.9,6.9,Medium
1112,89.0,5.7,80.6,65.6,8.1,3.6,6.7,Low
1113,84.9,2.1,64.4,76.4,7.2,5.7,1.9,High
1114,58.0,6.8,78.4,100.0,6.9,6.4,10.0,Low
1115,50.6,1.5,61.0,49.3,8.8,3.7,5.1,High
1116,92.8,6.1,59.8,82.9,5.9,2.9,8.9,Low
1117,67.9,3.8,61.5,63.0,4.0,1.4,6.8,Medium
1118,94.5,6.2,60.7,70.0,5.0,3.7,6.0,Medium
1119,70.9,6.0,73.5,80.8,9.6,5.2,2.6,Medium
1120,61.2,4.7,55.5,68.0,8.7,4.3,4.1,Medium
1121,95.2,4.4,67.3,75.4,7.6,2.9,6.6,Low
1122,92.9,7.3,56.5,72.3,8.8,3.7,3.8,Low
1123,70.2,6.0,66.6,72.6,7.3,3.7,7.5,Medium
1124,93.9,5.7,75.3,90.0,7.9,6.2,2.5,Medium
1125,78.4,5.6,66.1,58.3,6.8,2.9,7.2,Medium
1126,86.1,4.3,82.9,63.6,6.3,4.3,5.7,Medium
1127,89.9,4.5,75.5,87.0,5.0,4.1,6.7,Medium
1128,55.8,4.9,65.3,48.9,8.6,4.4,2.0,High
1129,72.3,4.2,66.4,59.8,5.7,4.6,4.6,High
1130,89.6,5.8,71.3,62.9,7.1,4.3,6.8,Medium
1131,58.7,4.8,36.1,74.0,10.0,2.4,4.9,Medium
1132,88.0,3.1,53.6,68.2,7.2,5.8,5.6,High
1133,70.8,4.3,58.1,76.8,8.6,2.7,4.2,Medium
1134,77.2,3.6,48.0,50.7,4.8,4.1,5.0,High
1135,99.5,5.6,53.7,54.4,6.4,1.7,6.3,Low
1136,91.2,4.2,58.3,40.4,5.2,4.4,6.2,Medium
1137,80.3,1.9,80.2,64.0,4.8,2.2,5.2,High
1138,77.1,1.5,80.3,71.8,8.0,6.8,5.9,High
1139,70.4,6.0,43.7,89.3,6.9,3.4,4.2,Medium
1140,62.3,4.2,74.4,71.7,4.2,3.0,7.5,Medium
1141,100.0,4.5,73.3,72.1,6.5,2.1,4.7,Medium
1142,61.9,5.7,79.9,69.0,6.2,6.0,10.0,Medium
1143,57.0,5.9,69.9,77.1,7.8,7.0,6.2,Medium
1144,100.0,2.4,78.7,49.1,5.3,5.0,7.9,Medium
1145,71.1,5.9,57.8,89.8,5.2,4.6,7.1,Medium
1146,80.5,4.8,66.3,30.8,5.2,6.0,7.9,Medium
1147,94.3,4.9,91.6,69.8,8.2,3.4,5.4,Low
1148,88.9,1.9,89.3,100.0,7.0,6.7,5.4,Medium
1149,75.0,5.3,60.3,83.3,8.1,5.4,5.5,Medium
1150,59.7,5.6,63.0,46.1,5.6,3.7,9.5,Medium
1151,82.6,3.0,52.9,56.1,5.8,4.5,8.7,Medium
1152,100.0,8.3,61.2,87.0,7.1,7.3,7.5,Low
1153,72.1,6.7,56.9,61.9,6.6,3.7,2.3,Medium
1154,90.2,10.1,50.7,93.6,5.0,4.1,4.8,Low
1155,80.3,5.8,49.9,69.4,7.9,2.5,9.0,Low
1156,93.4,3.9,87.9,40.9,6.3,5.2,8.4,Medium
1157,91.2,6.8,68.6,83.0,7.0,1.6,8.3,Low
1158,84.8,4.5,59.9,100.0,5.9,4.3,5.1,Medium
1159,77.3,7.1,73.7,67.1,8.0,5.9,6.4,Medium
1160,72.8,3.3,41.5,96.8,6.1,2.1,4.8,Medium
1161,64.3,7.0,66.8,56.4,6.0,2.4,8.7,Low
1162,60.9,5.0,74.8,77.9,7.3,3.9,1.8,High
1163,77.8,3.8,49.5,95.2,8.5,3.5,7.2,Medium
1164,78.0,1.0,62.0,85.9,6.9,2.4,8.8,Medium
1165,82.2,2.5,60.0,65.2,5.8,5.6,5.4,High
1166,79.6,8.4,58.6,54.4,7.0,3.4,5.8,Low
1167,67.1,1.7,62.5,51.3,5.7,9.3,10.0,High
1168,100.0,4.2,52.6,80.9,5.8,3.7,4.6,Medium
1169,88.7,4.6,72.5,62.3,6.8,1.0,6.3,Medium
1170,74.2,5.6,61.4,56.1,7.1,6.8,6.2,Medium
1171,99.4,0.5,55.9,67.7,5.4,1.0,6.6,Medium
1172,66.1,3.2,66.0,68.5,6.3,5.3,4.9,High
1173,91.6,7.2,45.8,58.0,8.1,1.9,5.3,Low
1174,79.9,6.8,84.4,69.7,7.6,4.8,9.8,Low
1175,77.9,4.5,65.2,51.3,5.4,1.0,9.4,Medium
1176,100.0,1.4,79.9,78.4,6.8,5.3,6.3,Medium
1177,100.0,6.6,57.0,54.6,8.7,3.7,6.1,Low
1178,79.8,4.9,84.2,56.9,4.2,3.2,4.9,Medium
1179,70.4,1.5,54.8,48.7,8.1,2.2,6.0,High
1180,95.2,4.1,73.2,88.1,7.7,3.2,4.4,Medium
1181,93.5,5.2,57.9,66.4,6.9,1.0,7.5,Low
1182,90.5,3.5,56.2,65.4,6.8,7.8,8.2,Medium
1183,80.2,3.6,69.1,69.1,5.6,3.4,7.4,Medium
1184,65.2,2.2,65.8,65.6,4.9,6.3,8.9,High
1185,100.0,3.9,76.0,91.6,7.7,6.3,6.8,Medium
1186,72.2,5.7,74.9,82.9,8.3,4.5,6.1,Medium
1187,92.1,4.5,56.5,87.2,4.4,6.2,8.2,Medium
1188,78.0,7.1,62.4,76.8,5.3,2.0,7.4,Low
1189,73.1,2.5,81.0,70.7,6.2,3.9,9.5,Medium
1190,90.9,4.9,77.0,62.7,9.2,6.6,5.8,Medium
1191,80.4,6.6,81.5,88.1,7.8,4.8,3.3,Medium
1192,95.6,4.1,71.4,71.6,8.3,3.4,4.2,Medium
1193,95.6,6.2,89.6,71.3,7.4,5.8,4.5,Medium
1194,59.4,3.2,59.1,100.0,10.0,3.8,6.7,Medium
1195,74.2,4.3,72.8,77.4,6.6,4.0,5.3,Medium
1196,69.2,4.0,77.7,79.8,6.4,5.9,6.6,Medium
1197,89.5,4.4,93.2,94.4,7.9,6.8,5.2,Medium
1198,98.9,2.4,69.1,62.2,4.7,1.9,5.6,Medium
1199,83.8,4.1,81.1,66.8,5.9,6.6,8.9,Medium
1200,75.0,1.6,52.7,63.7,7.1,6.4,6.6,High
